Company,Veg,Salt,Food
Blue Apron,No,39,Seared Steak on Cheese Polenta
Blue Apron,No,50,Tuscan Pork Chops
Blue Apron,Yes,53,Crispy Veese Quesadillas
Blue Apron,No,43,Blackened Cajun Chicken
Blue Apron,No,80,Shrimp & Pesto Cnocchi
Blue Apron,No,46,Spiced Chicken & Couscous
Blue Apron,No,34,Seared Cod & Peppers over Creamy Rice
Blue Apron,Yes,28,Sicilian-Style Orecchierette
Blue Apron,No,38,Seared Steaks over Cheese Polenta
Blue Apron,No,67,Spicy BBQ Chicken Drumsticks
Blue Apron,Yes,72,Sweet & Spicy Soba Noodles
Blue Apron,No,53,Sweet Chili Chicken
Blue Apron,Yes,36,Whole Grain Pasta & Tomato Sauce
Blue Apron,Yes,45,Vegetable Tostadas
Blue Apron,No,77,Spicy Soy-Glazed Chicken Thighs
Blue Apron,No,41,Tuscan Chicken & Summer Vegetables
Blue Apron,No,83,Vadouvan Shrimp
Blue Apron,No,52,Beef Stir-Fry
Blue Apron,No,65,Sour Cherry-Glazed Chicken Thighs
Blue Apron,No,48,Cheeseburgers with Cucumber Salsa